Workbook

Sheet stock
A1: sku (не менять) | B1: фото | C1: товар | D1: размер | E1: цвет | F1: остаток | G1: категория | H1: цена, ₽
A2: women-socks-bowknot-35-40-cream | B2: =IMAGE("https://nosinoski.ru/products/women-socks-bowknot/1792100000014.jpg") | C2: Женские носки «Bowknot» с рюшей | D2: 35-40 | E2: Молочные | F2: 5 | G2: Женские носки | H2: 220
A3: women-socks-bowknot-35-40-navy | B3: =IMAGE("https://nosinoski.ru/products/women-socks-bowknot/1792100000014.jpg") | C3: Женские носки «Bowknot» с рюшей | D3: 35-40 | E3: Тёмно-синие | F3: 5 | G3: Женские носки | H3: 220
A4: women-socks-bowknot-35-40-black | B4: =IMAGE("https://nosinoski.ru/products/women-socks-bowknot/1792100000014.jpg") | C4: Женские носки «Bowknot» с рюшей | D4: 35-40 | E4: Чёрные | F4: 5 | G4: Женские носки | H4: 220
A5: women-socks-flowers-35-40-beige | B5: =IMAGE("https://nosinoski.ru/products/women-socks-flowers/1792100000011.jpg") | C5: Женские носки «Цветочки», мягкая резинка | D5: 35-40 | E5: Бежевые | F5: 5 | G5: Женские носки | H5: 220
A6: women-socks-flowers-35-40-lilac | B6: =IMAGE("https://nosinoski.ru/products/women-socks-flowers/1792100000011.jpg") | C6: Женские носки «Цветочки», мягкая резинка | D6: 35-40 | E6: Сиреневые | F6: 5 | G6: Женские носки | H6: 220
A7: women-socks-flowers-35-40-grey | B7: =IMAGE("https://nosinoski.ru/products/women-socks-flowers/1792100000011.jpg") | C7: Женские носки «Цветочки», мягкая резинка | D7: 35-40 | E7: Тёмно-серые | F7: 5 | G7: Женские носки | H7: 220
A8: women-socks-ruffle-stripes-35-40-white | B8: =IMAGE("https://nosinoski.ru/products/women-socks-ruffle-stripes/1792100000017.jpg") | C8: Женские носки с рюшей и полосками | D8: 35-40 | E8: Белые, чёрные полоски | F8: 5 | G8: Женские носки | H8: 220
A9: women-socks-ruffle-stripes-35-40-grey | B9: =IMAGE("https://nosinoski.ru/products/women-socks-ruffle-stripes/1792100000017.jpg") | C9: Женские носки с рюшей и полосками | D9: 35-40 | E9: Серые, белые полоски | F9: 5 | G9: Женские носки | H9: 220
A10: women-socks-glam-35-40-white | B10: =IMAGE("https://nosinoski.ru/products/women-socks-glam/1792100000020.jpg") | C10: Носки Glam Socks, белые | D10: 35-40 | E10: Белые | F10: 5 | G10: Женские носки | H10: 200
A11: women-socks-glam-35-40-whitegrey | B11: =IMAGE("https://nosinoski.ru/products/women-socks-glam/1792100000020.jpg") | C11: Носки Glam Socks, белые | D11: 35-40 | E11: Белые с серой вставкой | F11: 5 | G11: Женские носки | H11: 200
A12: socks-bows-35-40-blue | B12: =IMAGE("https://nosinoski.ru/products/socks-bows/1792040197931.jpg") | C12: Носки «Бантики» | D12: 35-40 | E12: Голубой (оранжевый бант) | F12: 5 | G12: Женские носки | H12: 250
A13: socks-bows-35-40-cream | B13: =IMAGE("https://nosinoski.ru/products/socks-bows/1792040197931.jpg") | C13: Носки «Бантики» | D13: 35-40 | E13: Кремовый (розовый бант) | F13: 5 | G13: Женские носки | H13: 250
A14: socks-bows-35-40-black | B14: =IMAGE("https://nosinoski.ru/products/socks-bows/1792040197931.jpg") | C14: Носки «Бантики» | D14: 35-40 | E14: Чёрный (красный бант) | F14: 5 | G14: Женские носки | H14: 250
A15: socks-leopard-letter-35-40-ivory | B15: =IMAGE("https://nosinoski.ru/products/socks-leopard-letter/1791995509498.jpg") | C15: Носки «Леопардовая буква» | D15: 35-40 | E15: Молочный (буква C) | F15: 5 | G15: Женские носки | H15: 250
A16: socks-leopard-letter-35-40-gray | B16: =IMAGE("https://nosinoski.ru/products/socks-leopard-letter/1791995509498.jpg") | C16: Носки «Леопардовая буква» | D16: 35-40 | E16: Серый меланж (буква P) | F16: 5 | G16: Женские носки | H16: 250
A17: socks-mini-bows-35-40-white | B17: =IMAGE("https://nosinoski.ru/products/socks-mini-bows/1792040198002.jpg") | C17: Носки «Мини-бантики» с рюшей | D17: 35-40 | E17: Белый с тёмно-синими бантиками | F17: 5 | G17: Женские носки | H17: 250
A18: socks-teddy-1986-35-40-white | B18: =IMAGE("https://nosinoski.ru/products/socks-teddy-1986/1791995509457.jpg") | C18: Носки «Мишка Teddy 1986» | D18: 35-40 | E18: Белый | F18: 5 | G18: Женские носки | H18: 250
A19: socks-teddy-1986-35-40-navy | B19: =IMAGE("https://nosinoski.ru/products/socks-teddy-1986/1791995509457.jpg") | C19: Носки «Мишка Teddy 1986» | D19: 35-40 | E19: Тёмно-синий | F19: 5 | G19: Женские носки | H19: 250
A20: socks-teddy-1986-35-40-black | B20: =IMAGE("https://nosinoski.ru/products/socks-teddy-1986/1791995509457.jpg") | C20: Носки «Мишка Teddy 1986» | D20: 35-40 | E20: Чёрный | F20: 5 | G20: Женские носки | H20: 250
A21: socks-fluffy-smile-35-40-red | B21: =IMAGE("https://nosinoski.ru/products/socks-fluffy-smile/1792040198058.jpg") | C21: Носки «Плюшевый смайл» | D21: 35-40 | E21: Бордовый | F21: 5 | G21: Женские носки | H21: 250
A22: socks-fluffy-smile-35-40-cream | B22: =IMAGE("https://nosinoski.ru/products/socks-fluffy-smile/1792040198058.jpg") | C22: Носки «Плюшевый смайл» | D22: 35-40 | E22: Молочный | F22: 5 | G22: Женские носки | H22: 250
A23: socks-fluffy-smile-35-40-gray | B23: =IMAGE("https://nosinoski.ru/products/socks-fluffy-smile/1792040198058.jpg") | C23: Носки «Плюшевый смайл» | D23: 35-40 | E23: Серый | F23: 5 | G23: Женские носки | H23: 250
A24: socks-fluffy-smile-35-40-black | B24: =IMAGE("https://nosinoski.ru/products/socks-fluffy-smile/1792040198058.jpg") | C24: Носки «Плюшевый смайл» | D24: 35-40 | E24: Чёрный | F24: 5 | G24: Женские носки | H24: 250
A25: socks-roses-35-40-cream | B25: =IMAGE("https://nosinoski.ru/products/socks-roses/1792040198036.jpg") | C25: Носки «Розы» | D25: 35-40 | E25: Молочный с чёрными розами | F25: 5 | G25: Женские носки | H25: 250
A26: socks-roses-35-40-black | B26: =IMAGE("https://nosinoski.ru/products/socks-roses/1792040198036.jpg") | C26: Носки «Розы» | D26: 35-40 | E26: Чёрный с белыми розами | F26: 5 | G26: Женские носки | H26: 250
A27: socks-smile-upside-35-40-white | B27: =IMAGE("https://nosinoski.ru/products/socks-smile-upside/1792040948963.jpg") | C27: Носки «Смайлик-класс» | D27: 35-40 | E27: Белый | F27: 5 | G27: Женские носки | H27: 250
A28: socks-smile-upside-35-40-gray | B28: =IMAGE("https://nosinoski.ru/products/socks-smile-upside/1792040948963.jpg") | C28: Носки «Смайлик-класс» | D28: 35-40 | E28: Серый | F28: 5 | G28: Женские носки | H28: 250
A29: socks-smile-upside-35-40-black | B29: =IMAGE("https://nosinoski.ru/products/socks-smile-upside/1792040948963.jpg") | C29: Носки «Смайлик-класс» | D29: 35-40 | E29: Чёрный | F29: 5 | G29: Женские носки | H29: 250
A30: men-socks-slazenger-short-40-45-grey | B30: =IMAGE("https://nosinoski.ru/products/men-socks-slazenger-short/1792100000063.jpg") | C30: Мужские короткие носки Slazenger | D30: 40-45 | E30: Серые | F30: 5 | G30: Мужские носки | H30: 200
A31: men-socks-slazenger-short-40-45-black | B31: =IMAGE("https://nosinoski.ru/products/men-socks-slazenger-short/1792100000063.jpg") | C31: Мужские короткие носки Slazenger | D31: 40-45 | E31: Чёрные | F31: 5 | G31: Мужские носки | H31: 200
A32: men-socks-stripe-40-45-tricolor | B32: =IMAGE("https://nosinoski.ru/products/men-socks-stripe/1792040432061.jpg") | C32: Мужские короткие носки «Полоска», Корея | D32: 40-45 | E32: Серые, полоска красно-бело-синяя | F32: 5 | G32: Мужские носки | H32: 220
A33: men-socks-stripe-40-45-blackblue | B33: =IMAGE("https://nosinoski.ru/products/men-socks-stripe/1792040432061.jpg") | C33: Мужские короткие носки «Полоска», Корея | D33: 40-45 | E33: Серые, полоска чёрно-бело-синяя | F33: 5 | G33: Мужские носки | H33: 220
A34: men-socks-short-stripes-40-45-greygreen | B34: =IMAGE("https://nosinoski.ru/products/men-socks-short-stripes/1792100000060.jpg") | C34: Мужские короткие носки «Полоски» | D34: 40-45 | E34: Серые, зелёная полоска | F34: 5 | G34: Мужские носки | H34: 220
A35: men-socks-short-stripes-40-45-greyred | B35: =IMAGE("https://nosinoski.ru/products/men-socks-short-stripes/1792100000060.jpg") | C35: Мужские короткие носки «Полоски» | D35: 40-45 | E35: Серые, красная полоска | F35: 5 | G35: Мужские носки | H35: 220
A36: men-socks-short-stripes-40-45-greyblue | B36: =IMAGE("https://nosinoski.ru/products/men-socks-short-stripes/1792100000060.jpg") | C36: Мужские короткие носки «Полоски» | D36: 40-45 | E36: Серые, синяя полоска | F36: 5 | G36: Мужские носки | H36: 220
A37: men-socks-short-stripes-40-45-black | B37: =IMAGE("https://nosinoski.ru/products/men-socks-short-stripes/1792100000060.jpg") | C37: Мужские короткие носки «Полоски» | D37: 40-45 | E37: Чёрные, белые полоски | F37: 5 | G37: Мужские носки | H37: 220
A38: men-socks-smile-40-45-white | B38: =IMAGE("https://nosinoski.ru/products/men-socks-smile/1792100000031.jpg") | C38: Мужские носки «Smile!» | D38: 40-45 | E38: Белые | F38: 5 | G38: Мужские носки | H38: 220
A39: men-socks-smile-40-45-grey | B39: =IMAGE("https://nosinoski.ru/products/men-socks-smile/1792100000031.jpg") | C39: Мужские носки «Smile!» | D39: 40-45 | E39: Серые | F39: 5 | G39: Мужские носки | H39: 220
A40: men-socks-smile-40-45-black | B40: =IMAGE("https://nosinoski.ru/products/men-socks-smile/1792100000031.jpg") | C40: Мужские носки «Smile!» | D40: 40-45 | E40: Чёрные | F40: 5 | G40: Мужские носки | H40: 220
A41: men-socks-updown-40-45-grey | B41: =IMAGE("https://nosinoski.ru/products/men-socks-updown/1792100000058.jpg") | C41: Мужские носки «Up down» | D41: 40-45 | E41: Серые | F41: 5 | G41: Мужские носки | H41: 220
A42: men-socks-polo-wave-40-45-green | B42: =IMAGE("https://nosinoski.ru/products/men-socks-polo-wave/1792100000046.jpg") | C42: Мужские носки «Волна» | D42: 40-45 | E42: Зелёные полосы | F42: 5 | G42: Мужские носки | H42: 220
A43: men-socks-polo-wave-40-45-blue | B43: =IMAGE("https://nosinoski.ru/products/men-socks-polo-wave/1792100000046.jpg") | C43: Мужские носки «Волна» | D43: 40-45 | E43: Синяя волна | F43: 5 | G43: Мужские носки | H43: 220
A44: men-socks-polo-wave-40-45-black | B44: =IMAGE("https://nosinoski.ru/products/men-socks-polo-wave/1792100000046.jpg") | C44: Мужские носки «Волна» | D44: 40-45 | E44: Чёрная волна | F44: 5 | G44: Мужские носки | H44: 220
A45: men-socks-rider-40-45-lines | B45: =IMAGE("https://nosinoski.ru/products/men-socks-rider/1792100000049.jpg") | C45: Мужские носки «Всадник» | D45: 40-45 | E45: Светло-серые, дуги на стопе | F45: 5 | G45: Мужские носки | H45: 220
A46: men-socks-rider-40-45-stripe | B46: =IMAGE("https://nosinoski.ru/products/men-socks-rider/1792100000049.jpg") | C46: Мужские носки «Всадник» | D46: 40-45 | E46: Светло-серые, полоска на стопе | F46: 5 | G46: Мужские носки | H46: 220
A47: men-socks-rider-40-45-dark | B47: =IMAGE("https://nosinoski.ru/products/men-socks-rider/1792100000049.jpg") | C47: Мужские носки «Всадник» | D47: 40-45 | E47: Тёмно-серые | F47: 5 | G47: Мужские носки | H47: 220
A48: men-socks-argyle-40-45-beige | B48: =IMAGE("https://nosinoski.ru/products/men-socks-argyle/1791995509532.jpg") | C48: Мужские носки «Ромб», Корея | D48: 40-45 | E48: Серый с бежевым ромбом | F48: 5 | G48: Мужские носки | H48: 220
A49: men-socks-argyle-40-45-blue | B49: =IMAGE("https://nosinoski.ru/products/men-socks-argyle/1791995509532.jpg") | C49: Мужские носки «Ромб», Корея | D49: 40-45 | E49: Серый с синим ромбом | F49: 5 | G49: Мужские носки | H49: 220
A50: men-socks-diamonds-40-45-grey | B50: =IMAGE("https://nosinoski.ru/products/men-socks-diamonds/1792100000052.jpg") | C50: Мужские носки «Ромбики» | D50: 40-45 | E50: Серые | F50: 5 | G50: Мужские носки | H50: 220
A51: men-socks-tricolor-40-45-stripe | B51: =IMAGE("https://nosinoski.ru/products/men-socks-tricolor/1792100000054.jpg") | C51: Мужские носки «Триколор» | D51: 40-45 | E51: Серые, полоса сбоку | F51: 5 | G51: Мужские носки | H51: 220
A52: men-socks-tricolor-40-45-grey | B52: =IMAGE("https://nosinoski.ru/products/men-socks-tricolor/1792100000054.jpg") | C52: Мужские носки «Триколор» | D52: 40-45 | E52: Серые, полоски-нашивки | F52: 5 | G52: Мужские носки | H52: 220
A53: men-socks-tricolor-40-45-flag | B53: =IMAGE("https://nosinoski.ru/products/men-socks-tricolor/1792100000054.jpg") | C53: Мужские носки «Триколор» | D53: 40-45 | E53: Серые, флажок | F53: 5 | G53: Мужские носки | H53: 220
A54: men-socks-tricolor-40-45-navy | B54: =IMAGE("https://nosinoski.ru/products/men-socks-tricolor/1792100000054.jpg") | C54: Мужские носки «Триколор» | D54: 40-45 | E54: Тёмно-синие, полоски-нашивки | F54: 5 | G54: Мужские носки | H54: 220
A55: socks-france-free-white | B55: =IMAGE("https://nosinoski.ru/products/socks-france/1792100000040.jpg") | C55: Носки «France» | D55: 36-42 | E55: Серо-белые | F55: 5 | G55: Мужские носки | H55: 220
A56: socks-france-free-black | B56: =IMAGE("https://nosinoski.ru/products/socks-france/1792100000040.jpg") | C56: Носки «France» | D56: 36-42 | E56: Чёрно-серые | F56: 5 | G56: Мужские носки | H56: 220
A57: socks-look-at-this-free-look | B57: =IMAGE("https://nosinoski.ru/products/socks-look-at-this/1792100000037.jpg") | C57: Носки «Look at this» | D57: 36-42 | E57: LOOK AT THIS (синяя полоса) | F57: 5 | G57: Мужские носки | H57: 220
A58: socks-look-at-this-free-time | B58: =IMAGE("https://nosinoski.ru/products/socks-look-at-this/1792100000037.jpg") | C58: Носки «Look at this» | D58: 36-42 | E58: Time heals all wounds (чёрные полосы) | F58: 5 | G58: Мужские носки | H58: 220
A59: socks-painting-free-grey | B59: =IMAGE("https://nosinoski.ru/products/socks-painting/1792100000043.jpg") | C59: Носки «Painting» с брызгами краски | D59: 36-42 | E59: Серые | F59: 5 | G59: Мужские носки | H59: 220
A60: socks-painting-free-black | B60: =IMAGE("https://nosinoski.ru/products/socks-painting/1792100000043.jpg") | C60: Носки «Painting» с брызгами краски | D60: 36-42 | E60: Чёрные | F60: 5 | G60: Мужские носки | H60: 220
A61: socks-studios-free-cream | B61: =IMAGE("https://nosinoski.ru/products/socks-studios/1792100000034.jpg") | C61: Носки «Studios» | D61: 36-42 | E61: Молочные, синий | F61: 5 | G61: Мужские носки | H61: 220
A62: socks-studios-free-grey | B62: =IMAGE("https://nosinoski.ru/products/socks-studios/1792100000034.jpg") | C62: Носки «Studios» | D62: 36-42 | E62: Серые | F62: 5 | G62: Мужские носки | H62: 220
A63: socks-studios-free-black | B63: =IMAGE("https://nosinoski.ru/products/socks-studios/1792100000034.jpg") | C63: Носки «Studios» | D63: 36-42 | E63: Чёрные, хаки | F63: 5 | G63: Мужские носки | H63: 220
A64: socks-ny-crew-free-grey | B64: =IMAGE("https://nosinoski.ru/products/socks-ny-crew/1792100000023.jpg") | C64: Носки «Нью-Йорк», высокие | D64: 36-42 | E64: Серые, белый NY | F64: 5 | G64: Мужские носки | H64: 250
A65: socks-ny-crew-free-navyred | B65: =IMAGE("https://nosinoski.ru/products/socks-ny-crew/1792100000023.jpg") | C65: Носки «Нью-Йорк», высокие | D65: 36-42 | E65: Тёмно-синие, красный NY | F65: 5 | G65: Мужские носки | H65: 250
A66: socks-ny-crew-free-blackyellow | B66: =IMAGE("https://nosinoski.ru/products/socks-ny-crew/1792100000023.jpg") | C66: Носки «Нью-Йорк», высокие | D66: 36-42 | E66: Чёрные, жёлтый NY | F66: 5 | G66: Мужские носки | H66: 250
A67: socks-ny-crew-free-blackred | B67: =IMAGE("https://nosinoski.ru/products/socks-ny-crew/1792100000023.jpg") | C67: Носки «Нью-Йорк», высокие | D67: 36-42 | E67: Чёрные, красный NY | F67: 5 | G67: Мужские носки | H67: 250
A68: socks-ny-short-free-white | B68: =IMAGE("https://nosinoski.ru/products/socks-ny-short/1792100000027.jpg") | C68: Носки «Нью-Йорк», короткие | D68: 36-42 | E68: Белые, чёрный NY | F68: 5 | G68: Мужские носки | H68: 250
A69: socks-ny-short-free-navyred | B69: =IMAGE("https://nosinoski.ru/products/socks-ny-short/1792100000027.jpg") | C69: Носки «Нью-Йорк», короткие | D69: 36-42 | E69: Тёмно-синие, красный NY | F69: 5 | G69: Мужские носки | H69: 250
A70: socks-ny-short-free-blackyellow | B70: =IMAGE("https://nosinoski.ru/products/socks-ny-short/1792100000027.jpg") | C70: Носки «Нью-Йорк», короткие | D70: 36-42 | E70: Чёрные, жёлтый NY | F70: 5 | G70: Мужские носки | H70: 250
A71: kids-socks-kitty-kids-beige | B71: =IMAGE("https://nosinoski.ru/products/kids-socks-kitty/1792100000001.jpg") | C71: Детские носки «Котик» | D71: Детский | E71: Бежевый, розовый котик | F71: 5 | G71: Детские носки | H71: 230
A72: kids-socks-kitty-kids-coral | B72: =IMAGE("https://nosinoski.ru/products/kids-socks-kitty/1792100000001.jpg") | C72: Детские носки «Котик» | D72: Детский | E72: Коралловый, жёлтый котик | F72: 5 | G72: Детские носки | H72: 230
A73: kids-socks-kitty-kids-lilac | B73: =IMAGE("https://nosinoski.ru/products/kids-socks-kitty/1792100000001.jpg") | C73: Детские носки «Котик» | D73: Детский | E73: Сиреневая полоска, розовый котик | F73: 5 | G73: Детские носки | H73: 230
A74: kids-socks-halloween-kids-yellow | B74: =IMAGE("https://nosinoski.ru/products/kids-socks-halloween/1792100000008.jpg") | C74: Детские носки «Хэллоуин» | D74: Детский | E74: Жёлтые «halloween» | F74: 5 | G74: Детские носки | H74: 230
A75: kids-socks-halloween-kids-witch | B75: =IMAGE("https://nosinoski.ru/products/kids-socks-halloween/1792100000008.jpg") | C75: Детские носки «Хэллоуин» | D75: Детский | E75: Зелёные «HALLOWEEN» | F75: 5 | G75: Детские носки | H75: 230
A76: kids-socks-halloween-kids-cat | B76: =IMAGE("https://nosinoski.ru/products/kids-socks-halloween/1792100000008.jpg") | C76: Детские носки «Хэллоуин» | D76: Детский | E76: Котик со звёздами | F76: 5 | G76: Детские носки | H76: 230
A77: kids-socks-halloween-kids-ghost | B77: =IMAGE("https://nosinoski.ru/products/kids-socks-halloween/1792100000008.jpg") | C77: Детские носки «Хэллоуин» | D77: Детский | E77: Привидение | F77: 5 | G77: Детские носки | H77: 230
A78: kids-socks-halloween-kids-pumpkin | B78: =IMAGE("https://nosinoski.ru/products/kids-socks-halloween/1792100000008.jpg") | C78: Детские носки «Хэллоуин» | D78: Детский | E78: Тыква PUMPKIN | F78: 5 | G78: Детские носки | H78: 230
A79: kids-footies-dino-5-6y-green | B79: =IMAGE("https://nosinoski.ru/products/kids-footies-dino/1792100000005.jpg") | C79: Детские следки «Динозаврики» | D79: 5-6 лет | E79: Белые, зелёный динозавр | F79: 5 | G79: Детские носки | H79: 230
A80: kids-footies-dino-5-6y-lime | B80: =IMAGE("https://nosinoski.ru/products/kids-footies-dino/1792100000005.jpg") | C80: Детские следки «Динозаврики» | D80: 5-6 лет | E80: Белые, синий динозавр | F80: 5 | G80: Детские носки | H80: 230
A81: kids-footies-dino-5-6y-blue | B81: =IMAGE("https://nosinoski.ru/products/kids-footies-dino/1792100000005.jpg") | C81: Детские следки «Динозаврики» | D81: 5-6 лет | E81: Голубые, рыбка | F81: 5 | G81: Детские носки | H81: 230
A82: kids-footies-dino-5-6y-mint | B82: =IMAGE("https://nosinoski.ru/products/kids-footies-dino/1792100000005.jpg") | C82: Детские следки «Динозаврики» | D82: 5-6 лет | E82: Мятные, машинки и киты | F82: 5 | G82: Детские носки | H82: 230
A83: kids-footies-dino-5-6y-grey | B83: =IMAGE("https://nosinoski.ru/products/kids-footies-dino/1792100000005.jpg") | C83: Детские следки «Динозаврики» | D83: 5-6 лет | E83: Серые, жёлтый динозавр | F83: 5 | G83: Детские носки | H83: 230
A84: sport-socks-white-free-stripes | B84: =IMAGE("https://nosinoski.ru/products/sport-socks-white/1792100000069.jpg") | C84: Белые спортивные носки | D84: 36-42 | E84: Белые, три полоски | F84: 5 | G84: Спортивные носки | H84: 220
A85: sport-socks-white-free-chevron | B85: =IMAGE("https://nosinoski.ru/products/sport-socks-white/1792100000069.jpg") | C85: Белые спортивные носки | D85: 36-42 | E85: Белые, уголок | F85: 5 | G85: Спортивные носки | H85: 220
A86: women-socks-trek-pile-35-40-grey | B86: =IMAGE("https://nosinoski.ru/products/women-socks-trek-pile/1792100000077.jpg") | C86: Женские трекинговые носки Slazenger | D86: 35-40 | E86: Серый меланж | F86: 5 | G86: Спортивные носки | H86: 220
A87: socks-diagonal-free-black | B87: =IMAGE("https://nosinoski.ru/products/socks-diagonal/1792100000072.jpg") | C87: Носки «Диагональ» | D87: 36-42 | E87: Чёрные | F87: 5 | G87: Спортивные носки | H87: 220
A88: sport-socks-3stripes-free-white | B88: =IMAGE("https://nosinoski.ru/products/sport-socks-3stripes/1792100000066.jpg") | C88: Спортивные носки «Три полоски» | D88: 36-42 | E88: Белые, чёрные полоски | F88: 5 | G88: Спортивные носки | H88: 220
A89: sport-socks-3stripes-free-grey | B89: =IMAGE("https://nosinoski.ru/products/sport-socks-3stripes/1792100000066.jpg") | C89: Спортивные носки «Три полоски» | D89: 36-42 | E89: Серые, чёрные полоски | F89: 5 | G89: Спортивные носки | H89: 220
A90: sport-socks-3stripes-free-black | B90: =IMAGE("https://nosinoski.ru/products/sport-socks-3stripes/1792100000066.jpg") | C90: Спортивные носки «Три полоски» | D90: 36-42 | E90: Чёрные, белые полоски | F90: 5 | G90: Спортивные носки | H90: 220
A91: sport-socks-trek-pile-40-45-grey | B91: =IMAGE("https://nosinoski.ru/products/sport-socks-trek-pile/1792100000074.jpg") | C91: Трекинговые махровые носки Slazenger | D91: 40-45 | E91: Серый меланж | F91: 5 | G91: Спортивные носки | H91: 220
A92: sport-socks-trek-pile-40-45-navy | B92: =IMAGE("https://nosinoski.ru/products/sport-socks-trek-pile/1792100000074.jpg") | C92: Трекинговые махровые носки Slazenger | D92: 40-45 | E92: Тёмно-синие с меланжем | F92: 5 | G92: Спортивные носки | H92: 220
A93: warm-socks-aeroheat-40-45-light | B93: =IMAGE("https://nosinoski.ru/products/warm-socks-aeroheat/1792100000085.jpg") | C93: Супертёплые носки Slazenger Aeroheat | D93: 40-45 | E93: Светло-серые, синие полоски | F93: 5 | G93: Тёплые носки | H93: 370
A94: warm-socks-aeroheat-40-45-plaid | B94: =IMAGE("https://nosinoski.ru/products/warm-socks-aeroheat/1792100000085.jpg") | C94: Супертёплые носки Slazenger Aeroheat | D94: 40-45 | E94: Серые, клетка | F94: 5 | G94: Тёплые носки | H94: 370
A95: warm-socks-aeroheat-40-45-dark | B95: =IMAGE("https://nosinoski.ru/products/warm-socks-aeroheat/1792100000085.jpg") | C95: Супертёплые носки Slazenger Aeroheat | D95: 40-45 | E95: Тёмно-серые, синие полоски | F95: 5 | G95: Тёплые носки | H95: 370
A96: warm-socks-polo-stars-40-45-grey | B96: =IMAGE("https://nosinoski.ru/products/warm-socks-polo-stars/1792100000088.jpg") | C96: Утеплённые мужские носки «Звёзды» | D96: 40-45 | E96: Тёмно-серые со звёздами | F96: 5 | G96: Тёплые носки | H96: 300
A97: soft-socks-thin-stripe-40-45-grey | B97: =IMAGE("https://nosinoski.ru/products/soft-socks-thin-stripe/1792100000082.jpg") | C97: Мужские носки в тонкую полоску, мягкая резинка | D97: 40-45 | E97: Серые в полоску | F97: 5 | G97: Мягкая резинка | H97: 220
A98: soft-socks-slazenger-40-45-grey | B98: =IMAGE("https://nosinoski.ru/products/soft-socks-slazenger/1792100000079.jpg") | C98: Мужские носки с мягкой резинкой Slazenger | D98: 40-45 | E98: Серые | F98: 5 | G98: Мягкая резинка | H98: 200
A99: soft-socks-slazenger-40-45-charcoal | B99: =IMAGE("https://nosinoski.ru/products/soft-socks-slazenger/1792100000079.jpg") | C99: Мужские носки с мягкой резинкой Slazenger | D99: 40-45 | E99: Тёмно-серые | F99: 5 | G99: Мягкая резинка | H99: 200
A100: soft-socks-slazenger-40-45-black | B100: =IMAGE("https://nosinoski.ru/products/soft-socks-slazenger/1792100000079.jpg") | C100: Мужские носки с мягкой резинкой Slazenger | D100: 40-45 | E100: Чёрные | F100: 5 | G100: Мягкая резинка | H100: 200
...

Sheet Итого
A1: Показатель | B1: Значение
A2: Всего позиций (модель × цвет × размер) | B2: =COUNTA(stock!A2:A124)
A3: Всего штук на складе | B3: =SUM(stock!F2:F124)
A4: Закончились (0) | B4: =COUNTIF(stock!F2:F124,0)
A5: Заканчиваются (1–2) | B5: =COUNTIFS(stock!F2:F124,">=1",stock!F2:F124,"<=2")
A6: Товар на сумму, ₽ | B6: =SUMPRODUCT(stock!F2:F124,stock!H2:H124)
A8: Штук по категориям
A9: 5 | B9: =SUMIF(stock!G2:G124,"5",stock!F2:F124)

Sheet Как пользоваться
A1: Склад «Носи носки» — как пользоваться
A3: Меняйте только колонку «остаток» на листе stock. Фото подтягивается с сайта само.
A4: Пришла партия — прибавьте к числу. Продали на Авито или вживую — уменьшите.
A5: Продажи с сайта (когда подключим) спишутся сами и попадут на лист log.
A6: Красный — закончилось, жёлтый — осталось 1–2 шт.
A7: Чтобы найти модель: значок фильтра в заголовке «товар» → выбрать модель.
A8: Колонку sku не меняйте: по ней сайт узнаёт позицию.
A9: Лист «Итого» считает сам: сколько всего пар, что закончилось, сумма товара.
